{"A": {"1T": {"g": 0.5201612903225806, "p": 0.38205645161290325, "n": 0.09778225806451613}, "2T": {"g": 0.4637096774193548, "p": 0.40423387096774194, "n": 0.13205645161290322}, "3T": {"g": 0.4254032258064516, "p": 0.34475806451612906, "n": 0.13306451612903225, "m": 0.08870967741935484, "b": 0.008064516129032258}, "4T": {"g": 0.3624091381100727, "p": 0.3312564901349948, "n": 0.1505711318795431, "m": 0.142263759086189, "b": 0.013499480789200415}, "5T": {"m": 0.8544600938967136, "g": 0.06103286384976526, "p": 0.056338028169014086, "n": 0.028169014084507043}}, "B": {"1T": {"g": 0.5040322580645161, "p": 0.38306451612903225, "n": 0.11189516129032258, "-": 0.0010080645161290322}, "2T": {"g": 0.4586693548387097, "p": 0.4112903225806452, "n": 0.12903225806451613, "-": 0.0010080645161290322}, "3T": {"g": 0.4173387096774194, "p": 0.33568548387096775, "n": 0.15120967741935484, "m": 0.09274193548387097, "b": 0.0020161290322580645, "-": 0.0010080645161290322}, "4T": {"g": 0.46361746361746364, "p": 0.35550935550935553, "n": 0.1704781704781705, "b": 0.009355509355509356, "-": 0.0010395010395010396}, "5T": {"g": 0.38967136150234744, "p": 0.3051643192488263, "m": 0.17370892018779344, "n": 0.10328638497652583, "b": 0.023474178403755867, "-": 0.004694835680751174}}, "C": {"1T": {"g": 0.4969758064516129, "p": 0.39213709677419356, "n": 0.11088709677419355}, "2T": {"g": 0.47681451612903225, "p": 0.38810483870967744, "n": 0.1350806451612903}, "3T": {"g": 0.4344758064516129, "p": 0.33568548387096775, "n": 0.14012096774193547, "m": 0.08669354838709678, "b": 0.0030241935483870967}, "4T": {"g": 0.4578563995837669, "p": 0.3850156087408949, "n": 0.14464099895941726, "b": 0.012486992715920915}, "5T": {"m": 0.5, "g": 0.20754716981132076, "p": 0.1792452830188679, "n": 0.08018867924528301, "b": 0.0330188679245283}}, "D": {"1T": {"g": 0.5126135216952573, "p": 0.37336024217961655, "n": 0.11402623612512613}, "2T": {"g": 0.46316851664984865, "p": 0.3884964682139253, "n": 0.14833501513622604}, "3T": {"g": 0.4177598385469223, "p": 0.3713420787083754, "n": 0.13521695257315844, "m": 0.07063572149344097, "b": 0.005045408678102927}, "4T": {"p": 0.346875, "g": 0.3458333333333333, "m": 0.15833333333333333, "n": 0.13645833333333332, "b": 0.0125}, "5T": {"m": 0.6976744186046512, "g": 0.14418604651162792, "p": 0.11162790697674418, "n": 0.046511627906976744}}, "E": {"1T": {"g": 0.4682139253279516, "p": 0.4238143289606458, "n": 0.10797174571140263}, "2T": {"g": 0.508577194752775, "p": 0.35721493440968716, "n": 0.13420787083753785}, "3T": {"g": 0.40060544904137235, "p": 0.34510595358224017, "n": 0.1584258324924319, "m": 0.08980827447023208, "b": 0.006054490413723511}, "4T": {"g": 0.4588969823100936, "p": 0.3870967741935484, "n": 0.14151925078043703, "b": 0.012486992715920915}, "5T": {"m": 0.4788732394366197, "g": 0.2535211267605634, "p": 0.16901408450704225, "n": 0.08450704225352113, "b": 0.014084507042253521}}}